id,active,short_name,name,agency,category,listing,value_kind,source,summary,receive,website,apply_url,phone,timeline,cost,income_guideline,how_to_apply,notes,documents,max_fpl,child_under,min_children,min_children_age_max,min_age,needs_veteran,needs_disabled,needs_pregnant_or_child,needs_renting,needs_working,tribal,states,verify,award_formula,award_amount,urgent,deadline_days,image
calfresh,TRUE,SNAP,SNAP (Supplemental Nutrition Assistance Program) / CalFresh in CA,USDA Food and Nutrition Service,Food,benefit,monthly,federal,Monthly EBT food benefit.,Monthly EBT food benefit. FY2026 max for a family of 4 in the 48 states is about $973; average is roughly $188–$194 per person. Minimum benefit for 1–2 person households is $24 (FY2026).,https://www.fns.usda.gov/snap,https://www.fns.usda.gov/snap/state-directory,USDA SNAP info: 1-800-221-5689. National Hunger Hotline: 1-866-3-HUNGRY. CA: 1-877-847-3663,Federal standard: 30 days. Expedited: 7 days if eligible. Benefits typically load monthly after approval.,Free to apply. No legitimate SNAP application fee.,"Gross ≤130% FPL (example: family of 3 ~$2,888/mo in FY2026). State variations and deductions (rent, utilities, child care, medical) matter.","Apply through your state SNAP agency (online portal, phone, or in person). California: BenefitsCal.com. Expedited SNAP (7 days) if very low income/resources.","Cannot buy alcohol, tobacco, hot prepared foods (most states), vitamins, or non-food items. Some states have added food-restriction waivers. Recertify periodically. Report changes in income/household.",Photo ID; SSNs; proof of income; rent/utility bills; immigration documents if applicable,200,,,,,,,,,,,,income,snap,,,,/images/snap-groceries.jpg
wic,TRUE,WIC,"WIC (Special Supplemental Nutrition Program for Women, Infants, and Children)",USDA FNS,Food,benefit,monthly,federal,"Monthly food package (formula, fruits/veg, dairy, grains, eggs, etc.) via EBT or checks; nutrition counseling; breastfeeding support.","Monthly food package (formula, fruits/veg, dairy, grains, eggs, etc.) via EBT or checks; nutrition counseling; breastfeeding support. Average food cost historically ~$60/person/month.",https://www.fns.usda.gov/wic,https://www.fns.usda.gov/wic/apply,1-800-311-BABY (1-800-311-2229) or local WIC clinic,Often 1–3 weeks for first appointment depending on clinic capacity. Benefits issued after certification visit.,Free.,≤185% FPL (higher than SNAP). Automatically income-eligible if on SNAP/Medicaid/TANF.,"Contact local WIC clinic (phone or online locator). Appointment required for certification. Fathers, grandparents, and foster parents can apply for children in their care.",Food list is restricted to WIC-approved items. Recertify about every 6–12 months. Presence of a child under 5 is required for child benefits.,ID; proof of residence; proof of income or current SNAP/Medicaid/TANF; child's birth info,185,,,,,,,5,,,,,,wic,,,,/images/wic-produce.jpg
school-meals,TRUE,Meals,National School Lunch & School Breakfast Programs,USDA FNS,Food,benefit,monthly,federal,Free or reduced-price breakfast and lunch on school days.,Free or reduced-price breakfast and lunch on school days. Some districts also offer afterschool snacks or supper.,https://www.fns.usda.gov/nslp,https://www.fns.usda.gov/cn/apply-school-meals,School nutrition office; USDA: 1-800-221-5689,Usually processed within days to 2 weeks of school year start. Benefits begin once approved; some districts serve all students pending processing.,Free to apply. Reduced-price meals have a small copay unless the district waives it.,Free ≤130% FPL; reduced ≤185% FPL. State universal-meal laws may override.,Submit the school meal application through your child's school or district portal at the start of the year (or any time income changes). Categorically eligible households may be directly certified and need not apply.,Summer meals: SUN Meals / Summer Food Service Program at community sites when school is out. Check USDA site finder.,School meal application; income or case-number if not directly certified,,,1,18,,,,,,,,,,meals,,,,/images/snap-groceries.jpg
food-bank,TRUE,Pantry,Feeding America network / TEFAP food pantries,Feeding America food banks + USDA The Emergency Food Assistance Program (TEFAP),Food,benefit,monthly,nonprofit,"Boxes or bags of groceries; some sites offer hot meals, produce, diapers, or hygiene items.","Boxes or bags of groceries; some sites offer hot meals, produce, diapers, or hygiene items. Frequency varies (weekly to monthly).",https://www.feedingamerica.org,https://www.feedingamerica.org/find-your-local-foodbank,Hunger Hotline 1-866-348-6479 (EN) / 1-877-842-6273 (ES). Text FOOD to 97779.,Same day at most pantries. Some require registration first visit.,Free. Never pay for pantry food.,Varies by pantry; typically low-income or food-insecure households.,"Use Feeding America Find Your Local Food Bank, call 211, or USDA National Hunger Hotline. Walk in with ID and proof of address if requested.",Best first stop in a food crisis while SNAP is pending. Hours and item limits vary. Bring reusable bags and ID.,Often photo ID and proof of address; some sites ask for household size only,,,,,,,,,,,,,,pantry,,,,/images/snap-groceries.jpg
csfp,TRUE,CSFP,Commodity Supplemental Food Program (CSFP),USDA FNS,Food,benefit,monthly,federal,"Monthly box of USDA foods (canned fruits/veg, protein, grains, dairy).","Monthly box of USDA foods (canned fruits/veg, protein, grains, dairy).",https://www.fns.usda.gov/csfp,https://www.fns.usda.gov/csfp/csfp-contacts,State CSFP office via FNS contacts page,Days to a few weeks; then monthly pickup.,Free.,Generally ≤130% FPL for seniors.,Apply at local CSFP distribution site (often a food bank or senior center).,"Can usually receive CSFP and SNAP together, subject to state rules. Waiting lists exist in some areas.",ID; proof of age; proof of income and residence,130,,,,60,,,,,,,,,flat,50,,,/images/food-box.jpg
meals-on-wheels,TRUE,Meals,Meals on Wheels,Meals on Wheels America + local senior nutrition programs (often Older Americans Act funded),Food,benefit,monthly,nonprofit,"Typically 1 meal/day delivered; some programs offer frozen multi-packs, weekend meals, or medically tailored meals.","Typically 1 meal/day delivered; some programs offer frozen multi-packs, weekend meals, or medically tailored meals.",https://www.mealsonwheelsamerica.org,https://www.mealsonwheelsamerica.org/find-meals,1-888-998-6325,Assessment often within days to 2 weeks. Delivery starts after intake.,Usually free or suggested donation. Never denied for inability to pay under OAA rules.,No hard federal income cap; local programs prioritize greatest social/economic need.,Use Meals on Wheels locator or call local Area Agency on Aging / 211.,Also a safety-check program. Ask about pet-food add-ons and weekend coverage.,ID; address; and a brief needs assessment; medical notes helpful if diet-restricted,,,,,60,,,,,,,,,flat,180,,,/images/food-box.jpg
fdpir,TRUE,FDPIR,Food Distribution Program on Indian Reservations (FDPIR),USDA FNS + Tribal governments,Food,benefit,monthly,federal,Monthly commodity food package.,Monthly commodity food package. Households generally cannot receive SNAP and FDPIR in the same month.,https://www.fns.usda.gov/fdpir,https://www.fns.usda.gov/fdpir/fdpir-contacts,Local Tribal FDPIR office,Similar to SNAP—often within 30 days; emergency issuance possible.,Free.,Low-income per FDPIR guidelines (aligned with SNAP-type limits).,Apply at the local Tribal FDPIR office / ITO (Indian Tribal Organization).,"Choose SNAP or FDPIR in a given month, not both.",Tribal enrollment/residency; income; household composition,130,,,,,,,,,,TRUE,,,snap,,,,/images/food-box.jpg
calworks,TRUE,TANF,TANF / CalWORKs (Temporary Assistance for Needy Families),HHS Administration for Children and Families,Cash,benefit,monthly,federal,Monthly cash (amount varies widely by state and family size—often a few hundred dollars).,"Monthly cash (amount varies widely by state and family size—often a few hundred dollars). May include child-care help, job training, and one-time diversion payments for a car repair or deposit.",https://www.acf.hhs.gov/ofa/programs/tanf,https://www.usa.gov/welfare-benefits,State/county welfare office. USAGov directory via usa.gov,Often 30–45 days. Immediate-need / diversion payments can be faster (days to 2 weeks) in some counties.,Free.,"Very low; often well below FPL. State-specific. Family of four commonly must be under ~$45k–$50k in some states, much lower in others.",Apply at county/state welfare office or state benefits portal (BenefitsCal in CA).,Work requirements and child-support cooperation usually required. One-time diversion can sometimes help with a car or rent instead of opening a monthly case.,IDs; SSNs; birth certificates for children; proof of income/resources; rent; pregnancy verification if applicable,130,,1,18,,,,,,,,,income,tanf,,,14,/images/cash-aid.jpg
ssi,TRUE,SSI,Supplemental Security Income (SSI),Social Security Administration,Cash,benefit,monthly,federal,"2026 federal max about $967/month individual and $1,450/month eligible couple (after COLA).","2026 federal max about $967/month individual and $1,450/month eligible couple (after COLA). Many states add a small state supplement. May confer Medicaid eligibility.",https://www.ssa.gov/ssi,https://www.ssa.gov/apply,1-800-772-1213 (TTY 1-800-325-0778),Age 65+ claims can take weeks to a few months. Disability claims often 3–6+ months; appeals take longer.,Free. Never pay anyone to file an SSI claim.,Very low countable income after SSA exclusions. Earned-income exclusions exist.,"Apply online at ssa.gov, by phone, or at a local Social Security office.",Back pay possible. Living arrangement (own household vs. someone else's) affects the check. Report wages and changes immediately.,SSN; birth certificate; proof of income/resources; medical records for disability claims; immigration papers if applicable,,,,,,,TRUE,,,,,,,flat,967,,,/images/cash-aid.jpg
ssdi,TRUE,SSDI,Social Security Disability Insurance (SSDI),Social Security Administration,Cash,benefit,monthly,federal,Based on lifetime earnings.,"Based on lifetime earnings. Amounts vary. After 24 months on SSDI, Medicare usually begins.",https://www.ssa.gov/disability,https://www.ssa.gov/apply,1-800-772-1213,Initial decisions commonly 3–8 months; hearings much longer if denied.,Free to apply. Representatives may charge a regulated fee only if you win.,Must not engage in Substantial Gainful Activity (SGA). 2026 SGA amounts are set annually by SSA.,Apply at ssa.gov/apply or local office.,Different from SSI. You can receive both if the SSDI amount is low (concurrent benefits).,Work history; medical records; W-2s; doctors' names,,,,,,,TRUE,,,,,,,zero,,,,/images/cash-aid.jpg
eitc,TRUE,EITC,Earned Income Tax Credit (EITC),Internal Revenue Service,Tax,benefit,annual,federal,"Tax year 2025 (filed in 2026): maximum credit about $7,830 for workers with 3+ qualifying children.","Tax year 2025 (filed in 2026): maximum credit about $7,830 for workers with 3+ qualifying children. Smaller amounts for 0–2 children.",https://www.irs.gov/credits-deductions/individuals/earned-income-tax-credit-eitc,https://www.irs.gov/credits-deductions/individuals/earned-income-tax-credit-eitc,IRS 1-800-829-1040. VITA locator: 1-800-906-9887. MyFreeTaxes via United Way.,Refund after you file; IRS issues most EITC refunds starting late February due to fraud-prevention hold.,Free if you use VITA / MyFreeTaxes. Do not pay a refund-anticipation loan shop a large fee.,Varies by filing status and number of children. Childless workers have a much smaller credit and tighter age rules.,File a federal tax return. Free help: IRS Volunteer Income Tax Assistance (VITA) and United Way MyFreeTaxes.,Must file even if you owe no tax. Keep wage statements. ITIN filers have special rules. State EITCs are extra money in many states including CA (CalEITC).,W-2s/1099s; SSNs for household; child residency/relationship proof if asked,250,,,,,,,,,TRUE,,,,eitc,,,,/images/tax-credit.jpg
ctc,TRUE,CTC,Child Tax Credit (CTC) + Additional CTC,Internal Revenue Service,Tax,benefit,annual,federal,"Up to $2,000 per qualifying child under current law; refundable portion is smaller and requires earned income.","Up to $2,000 per qualifying child under current law; refundable portion is smaller and requires earned income.",https://www.irs.gov/credits-deductions/individuals/child-tax-credit,https://www.irs.gov/credits-deductions/individuals/child-tax-credit,1-800-829-1040,With your tax refund.,Free to claim on your return.,Available well into middle income; phases out at higher AGI.,File Form 1040. Use VITA if needed.,Rules have changed several times; confirm current-year amount at IRS.gov before filing.,Child SSNs; proof of residency if audited,,,1,17,,,,,,TRUE,,,,ctc,,,,/images/tax-credit.jpg
general-relief,TRUE,GA,County General Assistance / General Relief,County human-services departments,Cash,benefit,monthly,state,Small monthly cash or voucher (often $200–$500 range where it exists).,Small monthly cash or voucher (often $200–$500 range where it exists). Sometimes housing vouchers or bus passes instead of cash.,https://www.usa.gov/state-social-services,https://www.usa.gov/state-social-services,County social services; or 211,Same week to 30 days depending on county.,Free.,Near-zero countable income/resources.,Apply at county welfare / social services office.,Not a federal entitlement. Ask specifically—many people miss this because it is not advertised nationally.,ID; proof of county residence; income/resources; work-search log if required,80,,,,,,,,,,,,,flat,300,,,/images/cash-aid.jpg
liheap,TRUE,LIHEAP,LIHEAP (Low Income Home Energy Assistance Program),HHS Office of Community Services,Bills,benefit,seasonal,federal,"Typically $200–$1,500 per year depending on state, fuel type, and crisis status.","Typically $200–$1,500 per year depending on state, fuel type, and crisis status. Separate crisis benefit if you have a shutoff notice.",https://www.acf.hhs.gov/ocs/programs/liheap,https://www.usa.gov/help-with-energy-bills,National Energy Assistance Referral: 1-866-674-6327. Or 211.,2–8 weeks for regular benefits. Crisis/shutoff cases faster (often 18–48 hours once complete).,Free.,Usually ≤150% FPL or ≤60% SMI. State charts published each program year.,Apply through state LIHEAP office or local Community Action Agency. Some states accept online applications.,Funds run out—apply early in the season. One application may also screen you for Weatherization. Keep shutoff notices.,ID; Social Security numbers; recent utility bill; proof of income; shutoff notice if crisis,150,,,,,,,,,,,,residency,flat,75,TRUE,12,/images/liheap-hero.jpg
weatherize,TRUE,WAP,Weatherization Assistance Program (WAP),U.S. Department of Energy,Bills,benefit,one-time,federal,In-kind weatherization worth several thousand dollars.,In-kind weatherization worth several thousand dollars. Not a cash payment.,https://www.energy.gov/scep/wap/weatherization-assistance-program,https://www.usa.gov/help-with-energy-bills,State WAP office; 211,Months to 1–2 years on waitlists. Audit then work scheduled.,Free to eligible households.,Typically ≤200% FPL.,Apply via state WAP office or Community Action Agency (often the same door as LIHEAP).,Renters can qualify with landlord consent. Not an emergency shutoff program—use LIHEAP crisis for that.,Income proof; proof of ownership or rental agreement + landlord permission; utility bills,200,,,,,,,,,,,,residency,flat,200,,24,/images/weatherize.jpg
care,TRUE,CARE,California CARE and FERA utility discounts,"California investor-owned utilities (SCE, PG&E, SDG&E, SoCalGas) overseen by CPUC",Bills,benefit,monthly,state,CARE: typically ~30–35% off electric and 20% off gas.,"CARE: typically ~30–35% off electric and 20% off gas. FERA: smaller discount for households just above CARE income (electric only, larger households).",https://www.cpuc.ca.gov/consumer-support/financial-assistance-programs,https://www.sce.com/residential/assistance/care-fera,"Your utility CARE line, or 211",Often 1 billing cycle after approval.,Free.,Published annually by each utility; CARE roughly near 200% FPL.,Apply on your utility's website or by mail. Recertify every 1–2 years.,"Ontario, CA is typically Southern California Edison + SoCalGas territory—apply with both. Also ask about Medical Baseline if someone in the home uses life-support equipment.",Account number; income or program-enrollment proof,250,,,,,,,,,,,CA,,flat,38,,,/images/liheap-hero.jpg
salvation-army,TRUE,SA,Salvation Army Emergency Financial Assistance,The Salvation Army,Bills,benefit,one-time,nonprofit,One-time vendor payment (utility or landlord paid directly).,"One-time vendor payment (utility or landlord paid directly). Amounts often $50–$300. Seasonal programs (coats, toys, food boxes) are more common than cash.",https://www.salvationarmyusa.org,https://www.salvationarmyusa.org/usn/provide-housing/,1-800-SAL-ARMY (1-800-725-2769) or local corps,Same day to 2 weeks. Funds often gone by mid-month.,Free. Never pay a fee or buy a 'voucher.',Low-income; locally defined.,Call or walk into the nearest Salvation Army. Use location finder. Also call 211 for a referral.,"Ask about food pantry, clothing, Christmas assistance, and Pathway of Hope case management. Bring the actual shutoff/eviction notice.",Photo ID; Social Security cards; lease; utility bill; shutoff/eviction notice; proof of income,200,,,,,,,,,,,,,flat,50,TRUE,7,/images/liheap-hero.jpg
catholic-charities,TRUE,CC,Catholic Charities emergency assistance,Catholic Charities USA member agencies,Bills,benefit,one-time,nonprofit,"Varies: one-time bill payment, food, shelter referral, counseling.","Varies: one-time bill payment, food, shelter referral, counseling. Some dioceses run rapid-rehousing.",https://www.catholiccharitiesusa.org,https://www.catholiccharitiesusa.org/find-help/,Local agency; or 211,Days to 3 weeks. Emergency slots limited.,Free.,Low-income; locally defined.,Find your local agency via CCUSA locator and call for intake hours.,"Quality and funding vary by diocese. Ask about specialized programs (veterans, refugees, disaster).",ID; proof of residence; bills; income,200,,,,,,,,,,,,,flat,50,,,/images/liheap-hero.jpg
svdp,TRUE,SVdP,Society of St. Vincent de Paul,National Council of the U.S. Society of St. Vincent de Paul,Bills,benefit,one-time,nonprofit,"Modest, targeted help after a home visit.","Modest, targeted help after a home visit. Not a large cash grant program.",https://ssvpusa.org,https://ssvpusa.org/need-help/,Local conference; 211,Home visit often within 1–2 weeks.,Free.,Demonstrated need.,Call the local conference or diocesan council (finder on website) or 211.,Very local and relationship-based. Good complement to LIHEAP/SNAP.,ID; bills; volunteers will discuss the situation in person,200,,,,,,,,,,,,,flat,40,,,/images/liheap-hero.jpg
csbg,TRUE,CAA,Community Action Agencies (CSBG),Local CAAs funded by HHS Community Services Block Grant,Bills,benefit,one-time,nonprofit,"Depends on the agency: utility help, rent, car repairs, diapers, GED classes, tax prep, etc.","Depends on the agency: utility help, rent, car repairs, diapers, GED classes, tax prep, etc.",https://communityactionpartnership.com,https://communityactionpartnership.com/find-a-cap/,Local CAA; 211,Walk-in or appointment; 1 day to several weeks.,Free.,Typically ≤125–200% FPL depending on the specific service.,Find your CAA via Community Action Partnership locator.,One of the most useful 'one-stop' doors. Ask them to screen you for every program they run.,ID; proof of income; utility/rent bills,200,,,,,,,,,,,,,flat,60,,,/images/liheap-hero.jpg
fema-efsp,TRUE,EFSP,FEMA Emergency Food and Shelter Program (EFSP),FEMA funded,Bills,benefit,one-time,nonprofit,"Delivered as pantry food, shelter nights, or a rent/utility payment through a local agency.","Delivered as pantry food, shelter nights, or a rent/utility payment through a local agency.",https://www.fema.gov,https://www.211.org,211 or local United Way,Same as the local agency (days).,Free.,Locally defined.,Do not apply to FEMA for routine EFSP. Call 211 or a local United Way / food pantry / shelter that receives EFSP.,"Separate from FEMA Individual Assistance, which is only after a presidentially declared disaster. FY2026 EFSP funding exists but future budgets are politically uncertain.",Whatever the local agency requires,200,,,,,,,,,,,,,flat,40,,,/images/liheap-hero.jpg
lifeline,TRUE,Line,Lifeline (federal phone / internet discount),FCC,Phone,benefit,monthly,federal,Up to $9.25/month off service ($34.25/month on qualifying Tribal lands).,Up to $9.25/month off service ($34.25/month on qualifying Tribal lands). Many wireless carriers offer a free smartphone plus a limited-data plan when combined with Lifeline.,https://www.lifelinesupport.org,https://www.lifelinesupport.org/get-started/,1-800-234-9473 | LifelineSupport@usac.org,Online application ~10 minutes. Approval can be same day to 1–2 weeks if documents are requested. Phone ships after a carrier enrolls you.,Free to apply. Handset may be free or low-cost depending on carrier promotions. Never pay an 'activation fee' to a random Facebook ad.,"2026 135% FPL examples (48 states): 1 person $21,546; 2 $29,214; 3 $36,882; 4 $44,550.","Apply at LifelineSupport.org (National Verifier) or through a participating carrier (Assurance Wireless, SafeLink, TruConnect, etc.).","Recertify every year. ACP is gone—ignore ads that still promise the old $30 ACP benefit. California also has a separate, more generous California LifeLine.",Name; DOB; last 4 of SSN or Tribal ID; address; proof of program or income if National Verifier cannot auto-check,150,,,,,,,,,,,,,flat,9,,,/images/connectivity.jpg
ca-lifeline,TRUE,CA Line,California LifeLine,California Public Utilities Commission,Phone,benefit,monthly,state,Monthly service discount; many wireless carriers offer a free phone + service bundle to CA LifeLine customers.,Monthly service discount; many wireless carriers offer a free phone + service bundle to CA LifeLine customers.,https://www.californialifeline.com,https://www.californialifeline.com/en/application_form,1-877-858-7463,1–3 weeks typical after carrier submits your form.,Free.,CPUC publishes annual income caps (higher than 135% FPL).,Apply through a participating carrier or the California LifeLine administrator. Federal Lifeline in CA also routes through state processes.,"Ontario, CA residents should apply for California LifeLine rather than only federal Lifeline. You generally cannot stack two Lifeline benefits in one household.",CA address; ID; SSN or Tribal ID; proof of program or income,150,,,,,,,,,,,CA,,flat,20,,,/images/connectivity.jpg
section8,TRUE,HCV,Housing Choice Voucher (Section 8),HUD via local Public Housing Agencies (PHAs),Housing,benefit,monthly,federal,PHA pays the landlord the difference between the payment standard and ~30% of your adjusted income.,PHA pays the landlord the difference between the payment standard and ~30% of your adjusted income. You pay the tenant share.,https://www.hud.gov/helping-americans/,https://www.hud.gov/program_offices/public_indian_housing/pha/contacts,HUD 1-800-955-2232. Local PHA.,Waiting lists commonly 1–8+ years. Once issued a voucher you typically have 60–120 days to lease a unit.,Free to apply.,HUD income limits by metro and household size (updated annually). Extremely-low-income preference is common.,Apply to your local PHA when the waiting list is open. Search HUD PHA directory. Apply to multiple PHAs if rules allow.,"Ontario, CA is served by Housing Authority of the County of San Bernardino and nearby PHAs. Watch list-opening announcements. Portability rules apply if you move.",IDs; SSNs; birth certificates; income; assets; landlord history; immigration documents,80,,,,,,,,TRUE,,,,,rent70,,,,/images/housing.jpg
public-housing,TRUE,PHA,Public Housing,HUD via local PHAs,Housing,benefit,monthly,federal,Subsidized rent in a PHA-owned unit.,Subsidized rent in a PHA-owned unit. Some sites include utilities.,https://www.hud.gov/helping-americans/,https://www.hud.gov/program_offices/public_indian_housing/pha/contacts,Local PHA; HUD 1-800-955-2232,Waiting lists often years.,Free to apply.,HUD limits by area.,Apply through the local PHA (often the same portal as Section 8).,Ask the PHA about project-based vouchers and tax-credit (LIHTC) properties too.,Same family of documents as Section 8,80,,,,,,,,,,,,,rent50,,,,/images/housing.jpg
hud-vash,TRUE,VASH,HUD-VASH (Veterans Affairs Supportive Housing),HUD + U.S. Department of Veterans Affairs,Housing,benefit,monthly,federal,Rental voucher + supportive services.,Rental voucher + supportive services.,https://www.va.gov/homeless/hud-vash.asp,https://www.va.gov/homeless/hud-vash.asp,National Call Center for Homeless Veterans: 1-877-424-3838,"Faster than regular Section 8 in many areas, but still depends on voucher availability and unit search.",Free.,HUD voucher income rules.,"Start with VA homeless services / HUD-VASH coordinator at your VA medical center, or the National Call Center for Homeless Veterans.",Also ask about SSVF (Supportive Services for Veteran Families) for short-term rent/utility help.,DD-214; VA enrollment; income; homelessness documentation,80,,,,,TRUE,,,,,,,,rent70,,,,/images/housing.jpg
continuum-of-care,TRUE,CoC,Continuum of Care / Emergency Solutions Grants (homelessness system),"HUD-funded local Continuums of Care, shelters, and rapid-rehousing providers",Housing,benefit,one-time,nonprofit,"Shelter bed, short-term rental help, or a long-term supportive-housing slot—not a free house to own.","Shelter bed, short-term rental help, or a long-term supportive-housing slot—not a free house to own.",https://www.hudexchange.info/programs/coc/,https://www.211.org,211; local homeless hotline,Shelter: same night if a bed is open (often waitlists). Rapid rehousing: weeks to months. PSH: many months to years.,Free.,Very low / none for shelter. Rapid rehousing has local targeting.,"Call 211, go to the local coordinated-entry access point, or contact a shelter. Do not apply on HUD.gov as an individual for CoC grants.","If you are fleeing DV, contact the National Domestic Violence Hotline 1-800-799-7233—there are confidential housing paths.",ID if available; assessment interview is the main step,150,,,,,,,,,,,,,zero,,,,/images/housing.jpg
usda-rural,TRUE,USDA,USDA Section 502 Direct & 504 Rural Housing,USDA Rural Development,Housing,benefit,one-time,federal,502: low-interest mortgage that can drop toward 1% with payment assistance.,"502: low-interest mortgage that can drop toward 1% with payment assistance. 504: up to $10,000 grant (age 62+) or $40,000 loan for repairs to remove health/safety hazards.",https://www.rd.usda.gov/programs-services/single-family-housing-programs,https://www.rd.usda.gov/programs-services/single-family-housing-programs/single-family-housing-direct-home-loans,USDA RD state office,Months. Packaging nonprofits can help.,No application fee at USDA; closing costs still exist (sometimes packaged into the loan).,USDA county income limits.,Apply at local USDA Rural Development office.,Use the USDA property-eligibility site before applying. Mutual Self-Help Housing is a related sweat-equity program in some rural counties.,Income; tax returns; credit; property info,80,,,,,,,,,,,,,zero,,,,/images/housing.jpg
habitat,TRUE,Habitat,Habitat for Humanity homeownership,Habitat for Humanity International + local affiliates,Housing,benefit,one-time,nonprofit,A modest house with an affordable (often 0-interest) Habitat mortgage.,A modest house with an affordable (often 0-interest) Habitat mortgage. You build sweat equity and then make monthly payments that recycle into more homes. You do not receive a free deed.,https://www.habitat.org,https://www.habitat.org/housing-help/apply,1-800-422-4828,Application windows are short. From selection to move-in often 12–24+ months including sweat equity.,Closing costs and a modest down payment (sometimes a few hundred to a few thousand). Monthly mortgage thereafter. Sweat equity (often 200–400 hours).,Local AMI bands. Example ranges often sit between a floor (ability to pay) and ~60% AMI cap.,Contact your local Habitat affiliate. National number can route you.,ReStores sell donated furniture/building materials cheaply even if you are not a homebuyer. Do not pay anyone who claims they can 'get you a Habitat house' for a fee.,IDs; 2 years taxes; pay stubs; bank statements; landlord history; credit authorization,80,,,,,,,,,TRUE,,,,zero,,,,/images/housing.jpg
charity-cars,TRUE,Cars,Free Charity Cars (1-800-Charity Cars),"Charity Cars, Inc. (Free Charity Cars)",Rides,benefit,one-time,nonprofit,A used donated vehicle.,A used donated vehicle. Sometimes help with plates/insurance is mentioned; do not count on extras.,https://freecharitycars.org,https://freecharitycars.org/vehicle-request-form/,1-800-242-7489,Often 6–18 months if selected at all. Many applicants are never matched. Not an emergency program.,"Free to apply. You will owe registration, insurance, and future repairs.",Low-income / financial hardship (organization reviews story + docs).,"Read FAQ, then submit the vehicle request form. Reapply every 3 months. Sharing donation appeals on social media is encouraged by the charity.",High-scam space. Confirm you are on freecharitycars.org / 800charitycars.org. Never pay a 'processing fee' or ship money for a car you have not seen.,License; proof of income/need; story; additional docs if shortlisted,200,,,,,,,,,TRUE,,,,zero,,,,/images/transport.jpg
vehicles-for-change,TRUE,VFC,Vehicles for Change,"Vehicles for Change, Inc.",Rides,benefit,one-time,nonprofit,Inspected used car + access to nonprofit repair shops in some locations.,Inspected used car + access to nonprofit repair shops in some locations.,https://www.vehiclesforchange.org,https://www.vehiclesforchange.org,See website contact (Maryland HQ),"30–90 days after a complete referred application, if a car is available.",Often a low award fee rather than $0. Budget for insurance immediately.,Low-income working families.,Get a referral from a partner social-service agency; then apply.,"More reliable than purely 'vote for my story' models, but geographic limits apply.",Referral; license; proof of employment and income; insurance ability,200,,,,,,,,,TRUE,,,,zero,,,,/images/transport.jpg
nclc-cars,TRUE,NCLC,Working Cars for Working Families (program directory),National Consumer Law Center (directory of 100+ local nonprofits),Rides,directory,one-time,nonprofit,A map to local programs that actually operate near you.,A map to local programs that actually operate near you.,https://www.nclc.org/find-a-car-program/,https://www.nclc.org/find-a-car-program/,Contact the local program listed,Varies by program (weeks to many months).,Free directory. Individual programs may charge a small award fee or offer a loan.,Program-specific.,Open the NCLC finder and contact the program in your state.,Best starting point for 'free or cheap car' searches after checking TANF diversion and local CAAs.,Depends on the local program,,,,,,,,,,,,,,zero,,,,/images/transport.jpg
va-auto,TRUE,VA auto,VA Automobile Allowance and Adaptive Equipment,U.S. Department of Veterans Affairs,Rides,benefit,one-time,federal,"A substantial one-time (generally every few years per statute) grant—recent amounts have been in the mid-$20,000s and are adjusted.","A substantial one-time (generally every few years per statute) grant—recent amounts have been in the mid-$20,000s and are adjusted. Plus adaptive equipment.",https://www.va.gov/disability/eligibility/special-claims/automobile-allowance-adaptive-equipment/,https://www.va.gov/disability/eligibility/special-claims/automobile-allowance-adaptive-equipment/,1-800-827-1000,"Months, tied to claims processing.",Free to apply.,Not income-tested; disability-rated.,File VA Form 21-4502 through VA.,"Very specific medical criteria. Ask a VSO (DAV, VFW, American Legion) for help filing.",VA disability rating evidence; Form 21-4502,,,,,,TRUE,,,,,,,,zero,,,,/images/transport.jpg
ride-united,TRUE,Rides,United Way Ride United (essential rides),United Way Worldwide + 211 + Lyft partnership,Rides,benefit,one-time,nonprofit,Individual Lyft (or similar) rides booked through 211.,Individual Lyft (or similar) rides booked through 211.,https://www.unitedway.org/ride-united,https://www.211.org,211,Same day if the program is funded locally.,Free or reduced to the rider.,Need-based; locally screened.,Call 211 and ask for Ride United / transportation assistance.,Use this while waiting on a car program. Also ask Medicaid/Medi-Cal about non-emergency medical transportation.,211 intake only,,,,,,,,,,,,,,zero,,,,/images/transport.jpg
dress-for-success,TRUE,DFS,Dress for Success,Dress for Success Worldwide + local affiliates,Goods,benefit,one-time,nonprofit,Interview outfit and often a working wardrobe after hiring; coaching and job-readiness support.,Interview outfit and often a working wardrobe after hiring; coaching and job-readiness support.,https://dressforsuccess.org,https://dressforsuccess.org/get-help/,Local affiliate listed on site,1–3 weeks after referral for a boutique appointment.,Free to clients.,Typically low-income job seekers.,"Get a referral from a partner organization, then book through the local affiliate.",Men: see Career Gear or local workforce clothing closets. Call 211 for a closet if no affiliate exists.,Referral form; ID; interview/job documentation helps,,,,,,,,,,TRUE,,,,zero,,,,/images/goods.jpg
career-gear,TRUE,Gear,Career Gear,"Career Gear, Inc.",Goods,benefit,one-time,nonprofit,Interview attire and follow-up career support.,Interview attire and follow-up career support.,https://www.careergear.org,https://www.careergear.org,See website,Depends on affiliate calendar.,Free to clients.,Low-income job seekers.,Partner-agency referral.,"If no Career Gear nearby, ask the American Job Center / EDD and 211 for a men's clothing closet.",Referral,,,,,,,,,,TRUE,,,,zero,,,,/images/goods.jpg
clothing-closets,TRUE,Closet,Goodwill / Salvation Army / local clothing closets,"Goodwill Industries, Salvation Army, churches, school closets",Goods,benefit,one-time,nonprofit,"Clothing, shoes, sometimes household goods.","Clothing, shoes, sometimes household goods. Seasonal coat programs (One Warm Coat and local drives) in winter.",https://www.211.org,https://www.211.org,211,Same day.,"Free at closets. Thrift purchases are low-cost, not free.",Need-based.,Call 211 and ask for a clothing closet. School counselors often have closets for students.,One Warm Coat (onewarmcoat.org) organizes free winter-coat distributions through local partners.,Photo ID and proof of address at many sites,,,,,,,,,,,,,,zero,,,,/images/goods.jpg
new-eyes,TRUE,Eyes,New Eyes (prescription eyeglasses),New Eyes for the Needy,Vision,benefit,one-time,nonprofit,One basic pair of glasses + shipping.,"One basic pair of glasses + shipping. Paid upgrades (progressives, tints, blue-light) available out of pocket.",https://new-eyes.org,https://new-eyes.org/application,973-376-4903 | info@new-eyes.org,Email response often within 1 business day; glasses after approval and order (1–3 weeks typical).,Small non-refundable application fee (recently $15) for admin costs. Glasses themselves are free if approved.,"≤250% FPL or proof of need (SNAP, unemployment, tax return, etc.).",Best: a social worker applies on your behalf. Individuals may apply directly. Small non-refundable application fee.,"Get a current exam + PD first (Medicaid/Medi-Cal, free clinic, Lions, or Vision USA). New Eyes is glasses, not surgery or contacts.",Prescription with PD; proof of income/need,250,,,,,,,,,,,,,zero,,,,/images/vision.jpg
lions,TRUE,Lions,Lions Clubs International (local eye care & glasses),Lions Clubs International + local clubs,Vision,benefit,one-time,nonprofit,"Varies by club: exam, frames/lenses, surgery referral, recycled-glasses programs.","Varies by club: exam, frames/lenses, surgery referral, recycled-glasses programs.",https://www.lionsclubs.org,https://www.lionsclubs.org/en/start-our-approach/club-locator,630-571-5466 or local club,Weeks to a few months. Clubs meet monthly and funds are limited.,Free to applicant when approved.,Locally defined; commonly around 200% FPL.,"Use the Lions club locator, then call or email the local club's sight chair. A caseworker referral helps.",Also used as the referring nonprofit for some OneSight / Luxottica voucher programs at LensCrafters or Target Optical.,ID; proof of residence and income; recent prescription or need for an exam,200,,,,,,,,,,,,,zero,,,,/images/vision.jpg
vsp-eyes,TRUE,VSP,VSP Eyes of Hope / Sight for Students,VSP Vision,Vision,benefit,one-time,nonprofit,Eye exam + glasses at a VSP provider.,Eye exam + glasses at a VSP provider.,https://www.vsp.com/eyes-of-hope,https://www.vsp.com/eyes-of-hope,Sight for Students: 1-888-290-4964,Depends on partner voucher inventory; often 2–6 weeks.,Free to approved patients.,Household income limits set by VSP (low-income / uninsured).,"Ask a school nurse, social worker, or community partner to request a voucher. Individuals generally cannot apply solo on the public website.",Start with the school nurse for kids. Adults should try Lions + New Eyes in parallel.,Partner referral; proof of no insurance and income,200,,,,,,,,,,,,,zero,,,,/images/vision.jpg
prevent-blindness,TRUE,NEI,Prevent Blindness & NEI free/low-cost care directory,Prevent Blindness,Vision,directory,one-time,nonprofit,Referrals; some affiliates run clinics.,Referrals; some affiliates run clinics.,https://www.nei.nih.gov/eye-health-information/healthy-vision/finding-eye-doctor/get-free-or-low-cost-eye-care,https://preventblindness.org,Prevent Blindness 1-800-331-2020,Varies.,Free information; services free or low-cost if accepted.,Typically low-income / uninsured.,Use NEI's free-care page and Prevent Blindness local affiliates.,"Mission Cataract USA and Operation Sight are for cataract surgery, not routine glasses.",Program-specific,,,,,,,,,,,,,,zero,,,,/images/vision.jpg
medi-cal,TRUE,Medi-Cal,Medicaid / Medi-Cal,HHS CMS,Health,benefit,monthly,federal,Comprehensive medical coverage.,"Comprehensive medical coverage. May include vision, dental, non-emergency medical transportation, and long-term care depending on state and category.",https://www.medicaid.gov,https://www.healthcare.gov,1-800-318-2596. CA Medi-Cal: 1-800-541-5555,45 days standard (90 for disability determinations). Emergency coverage faster.,Free or very low premiums/copays.,138% FPL for ACA-expansion adults. Children and pregnant people have higher caps via CHIP/Medicaid.,HealthCare.gov or state portal. California: BenefitsCal or CoveredCA. Retroactive coverage possible.,Apply even if you think you earn a little too much—deductions and household rules surprise people. Kids in mixed-status families can often get coverage.,IDs; SSNs/immigration docs; income (pay stubs; taxes); residency,160,,,,,,,,,,,,residency,medi-cal,,,,/images/health.jpg
chip,TRUE,CHIP,Children's Health Insurance Program (CHIP),State Medicaid/CHIP agencies,Health,benefit,monthly,federal,"Comprehensive child health coverage, usually including dental and vision.","Comprehensive child health coverage, usually including dental and vision.",https://www.insurekidsnow.gov,https://www.insurekidsnow.gov,1-877-KIDS-NOW (1-877-543-7669),Similar to Medicaid (weeks).,Free or small premium depending on income and state.,State-specific; higher than adult Medicaid.,Same application as Medicaid (HealthCare.gov / BenefitsCal).,Always apply for children even if parents are over-income for Medi-Cal.,Same as Medicaid application,250,,1,19,,,,,,,,,,chip,,,,/images/health.jpg
benefits-gov,TRUE,Finder,Benefits.gov Benefit Finder,U.S. General Services Administration / partner agencies,Help,directory,one-time,federal,Personalized list of programs and links to apply.,Personalized list of programs and links to apply.,https://www.benefits.gov,https://www.benefits.gov/benefit-finder,See each program listed,10–20 minutes for the quiz.,Free.,N/A — screening tool.,Answer questions at Benefits.gov.,Best official starting point together with 211 and your state benefits portal.,None for the quiz,,,,,,,,,,,,,,zero,,,,/images/help-line.jpg
uw211,TRUE,211,211 (United Way),Local 211 providers,Help,directory,one-time,nonprofit,"Live referral to real local programs, including ones too small to appear in national lists.","Live referral to real local programs, including ones too small to appear in national lists.",https://www.211.org,https://www.211.org,211,Immediate referral. The underlying program then has its own wait.,Free.,N/A.,"Dial 211, text your ZIP to 898211 in many areas, or search 211.org.","Call again if your situation changes. Ask the specialist to screen for ALL basic-needs programs, not just the one you mentioned.",None,,,,,,,,,,,,,,zero,,,,/images/help-line.jpg
findhelp,TRUE,findhelp,findhelp.org (Aunt Bertha),findhelp (Aunt Bertha),Help,directory,one-time,nonprofit,Self-serve directory with program phone numbers and websites.,Self-serve directory with program phone numbers and websites.,https://www.findhelp.org,https://www.findhelp.org,Listed per program,Immediate search.,Free.,N/A.,Enter your ZIP at findhelp.org.,Good backup when 211 hold times are long. Confirm the program is still open before traveling there.,None for search,,,,,,,,,,,,,,zero,,,,/images/help-line.jpg
benefitscal,TRUE,BenefitsCal,BenefitsCal (California combined application),California Department of Social Services / counties,Help,directory,one-time,state,Single door for the big three California safety-net programs.,Single door for the big three California safety-net programs.,https://www.benefitscal.com,https://www.benefitscal.com,County TAD. Statewide CalFresh: 1-877-847-3663,Same as the underlying programs (7–45 days).,Free.,Per each program.,Create an account at BenefitsCal.com. You can also apply in person at the San Bernardino County Transitional Assistance Department.,"After submitting, watch your BenefitsCal messages and mail. Upload documents quickly to avoid delay.",ID; SSNs; income; rent; immigration docs; pregnancy/child info,,,,,,,,,,,,CA,,zero,,,,/images/help-line.jpg
vita,TRUE,VITA,IRS VITA / TCE free tax preparation,IRS + local nonprofits / AARP Foundation Tax-Aide,Tax,benefit,annual,federal,Accurate free return and faster access to refundable credits.,Accurate free return and faster access to refundable credits.,https://www.irs.gov/individuals/free-tax-return-preparation-for-qualifying-taxpayers,https://irs.treasury.gov/freetaxprep/,1-800-906-9887,Appointment during tax season; refund per IRS calendar.,Free. Never pay a VITA site.,VITA income cap set annually.,IRS VITA locator or AARP Tax-Aide locator.,"Bring photo ID, SSNs, W-2s, 1099s, last year's return, and bank account for direct deposit.",Photo IDs; SSNs/ITIN letters; income forms; dependent proof,250,,,,,,,,,TRUE,,,,zero,,,,/images/tax-credit.jpg
needhelppayingbills,TRUE,NHPB,NeedHelpPayingBills.com (independent directory),Independent consumer-aid website,Help,directory,one-time,nonprofit,Lists and explainers; no money from the site itself.,Lists and explainers; no money from the site itself.,https://www.needhelppayingbills.com,https://www.needhelppayingbills.com,N/A — use listed agency phones,Immediate reading.,Free to use.,N/A.,Browse by state or need.,Not a government site. Cross-check any phone number or application link on an official .gov or known nonprofit domain before sharing personal data.,None,,,,,,,,,,,,,,zero,,,,/images/help-line.jpg
gift-card-myth,TRUE,Myth,No national 'free gift card' entitlement program,"Various local churches, United Ways, disaster agencies, schools",Goods,advisory,one-time,federal,Occasional $25–$100 cards when a local program is funded.,Occasional $25–$100 cards when a local program is funded.,https://www.211.org,https://www.211.org,211,Same week when a local fund exists.,Free. Anyone asking you to pay or to 'verify' with a gift card is a scammer.,Need-based.,"Ask 211, a school family-resource liaison, your CAA, or a church benevolence office. Do not fill out random 'free Walmart card' forms online.",Treat every social-media 'government gift card' ad as a scam unless it originates from a known local agency you can call back on a published number.,Local program rules,,,,,,,,,,,,,,zero,,,,/images/goods.jpg
free-house-myth,TRUE,Myth,No national 'free house' giveaway,N/A — reality check,Housing,advisory,one-time,nonprofit,"Real options are rental subsidies (Section 8), public housing, Habitat sweat-equity mortgages, USDA rural loans, and foreclosure/rehab programs—not free title.","Real options are rental subsidies (Section 8), public housing, Habitat sweat-equity mortgages, USDA rural loans, and foreclosure/rehab programs—not free title.",https://www.hud.gov/helping-americans/,https://www.hud.gov/program_offices/public_indian_housing/pha/contacts,HUD 1-800-955-2232,Years for deeply subsidized housing in high-cost areas such as Southern California.,Legitimate housing programs never charge an application fee to get on a PHA list.,See housing rows.,"Use HUD PHA contacts, Habitat, USDA RD, and 211. Ignore paid 'HUD list' sites.","$1 blight properties still require the ability to finance repairs, pay taxes, and often live in the home for years. Budget accordingly.",N/A,,,,,,,,,,,,,,zero,,,,/images/housing.jpg
